Patient_ID,Case_ID,Date_Case,ID_MRI_Machine,MRI_Case_ID,Auftragsdatum,COR,FSH,FT4,IGF1,LH,PROL,TEST,Category,Patient_gender,Patient_age,Adenoma_size,Pre_OP_hormone_cortico,Pre_OP_hormone_hyperprolaktin,Pre_OP_hormone_gonado,Pre_OP_hormone_hyperprolaktinstressbedingt,Pre_OP_hormone_somato,Pre_OP_hormone_adh,Pre_OP_hormone_thyreo,Pre_OP_hormone_keine,Pre_OP_hormone_inaktiv,Operation_date,Diagnosis_Date
7375,41172058,2021-03-27 15:05:00,MRI4,8376664,2021-04-23,373.5,10.8,12.1,8.73,4.0,6.0,8.66,non-prolaktinom,male,55,mikro,0,0,0,0,0,0,0,1,0,,2021-03-27
20164,40555785,2019-03-12 13:52:00,MRI3,7787772,2018-08-22,340.7025,27.4,12.1,35.4,34.0,5.6,,non-prolaktinom,female,35,,0,0,0,0,0,0,0,1,0,,2018-05-17
20164,40913560,2020-04-17 14:03:00,MRI1,7896273,2020-05-22,50.0,48.6,15.3,27.2,30.9,3.8,,non-prolaktinom,female,35,,0,0,0,0,0,0,0,1,0,,2018-05-17
36721,40923357,2020-05-14 13:53:00,MRI1,8139827,2020-07-13,409.1935,0.6,8.5,30.1,0.2,51.1,,prolaktinom,female,49,makro,0,1,1,0,0,0,1,0,0,,2020-04-01
36721,41185544,2021-06-18 10:31:00,MRI2,8399275,2021-04-16,,0.6,10.7,25.0,0.2,21.1,,prolaktinom,female,49,makro,0,1,1,0,0,0,1,0,0,,2020-04-01
66706,41730697,2022-12-12 11:42:00,MRI3,8691375,2023-06-14,,,,,,13.2,,prolaktinom,male,62,makro,0,0,1,0,0,0,0,0,0,,2020-10-01
66706,41044665,2020-10-07 09:49:00,MRI4,8260428,2020-10-07,596.6666666666666,1.8,12.9,19.5,1.2,1000.0,7.04,prolaktinom,male,62,makro,0,0,1,0,0,0,0,0,0,,2020-10-01
74960,40944551,2021-05-07 13:17:00,MRI3,8369811,2020-06-17,408.731,5.3,15.4,14.5,3.7,0.2,8.43,prolaktinom,male,72,makro,0,0,1,0,0,0,0,0,0,,2020-04-30
82016,40345339,2018-04-16 10:57:00,MRI1,7617331,2018-04-16,369.7305,87.3,12.9,19.2,28.1,17.8,,non-prolaktinom,female,51,mikro,0,1,0,0,0,0,0,1,0,,2017-07-27
87825,40481786,2018-07-20 08:28:00,MRI2,7755618,2018-06-19,,,12.9,,,,,prolaktinom,male,64,makro,0,1,0,0,0,0,0,0,0,,2007-04-01
91319,41469443,2022-08-30 12:36:00,MRI2,8519249,2023-08-11,,17.9,13.2,15.0,9.89,97.1,14.6,non-prolaktinom,male,72,mikro,0,0,0,0,0,0,0,1,0,,2020-04-01
91319,41122760,2021-09-01 11:37:00,MRI3,8378921,2021-03-18,,,12.4,18.2,5.9,5.21,18.6,non-prolaktinom,male,72,mikro,0,0,0,0,0,0,0,1,0,,2020-04-01
91319,40874306,2020-09-24 13:10:00,MRI1,8192299,2020-04-15,171.628,14.8,13.1,14.4,8.6,1.9,12.5,non-prolaktinom,male,72,mikro,0,0,0,0,0,0,0,1,0,,2020-04-01
95638,40939688,2020-07-29 07:08:00,MRI4,8168960,2020-05-22,,2.9,10.9,19.2,1.6,11.4,,prolaktinom,female,39,mikro,0,1,1,0,0,0,0,0,0,,2010-01-01
112374,40541632,2018-09-04 13:16:00,MRI4,7781120,2019-02-07,334.0,3.4,11.0,12.3,5.2,35.8,3.8,prolaktinom,male,78,makro,0,0,1,0,0,0,0,0,0,,2011-02-01
113792,40525843,2018-09-03 14:53:00,MRI4,7618906,2018-09-18,1380.0,0.4,12.0,31.9,,15.3,,prolaktinom,female,48,makro,0,0,1,0,0,0,0,0,0,,2013-05-01
116813,41569241,2022-09-07 17:03:00,MRI1,8737173,2023-05-23,339.5,51.4,10.2,19.0,,4.21,,non-prolaktinom,female,73,mikro,0,0,0,0,0,0,0,1,0,,2022-05-01
158358,40428076,2018-07-28 10:45:00,MRI2,7763508,2018-07-10,634.5,9.0,12.0,20.4,2.8,80.3,15.0,prolaktinom,male,46,makro,0,1,0,0,0,0,0,0,0,,2016-11-14
158358,40876705,2020-06-02 08:11:00,MRI3,8018132,2020-07-01,,9.3,,,3.3,78.0,22.1,prolaktinom,male,46,makro,0,1,0,0,0,0,0,0,0,,2016-11-14
180749,40549573,2018-10-31 08:26:00,MRI3,7792951,2019-04-05,,3.3,,,4.5,76.7,,non-prolaktinom,female,49,mikro,0,1,0,0,0,0,0,1,0,,2016-11-01
180749,41696480,2022-10-31 17:36:00,MRI3,8791054,2023-08-10,,,11.0,19.3,,64.4,,non-prolaktinom,female,49,mikro,0,1,0,0,0,0,0,1,0,,2016-11-01
200941,40792356,2019-12-02 13:19:00,MRI3,8033513,2019-11-25,0.423,10.9,11.4,20.7,4.7,8.4,7.75,prolaktinom,male,50,mikro,0,1,1,0,0,0,0,0,0,,2017-11-01
200941,40346316,2017-11-01 18:06:00,MRI1,7612524,2018-02-26,,,,,,3.3,11.5,prolaktinom,male,50,mikro,0,1,1,0,0,0,0,0,0,,2017-11-01
239729,41005638,2020-11-25 17:15:00,MRI1,8272895,2021-03-05,,15.8,15.1,,17.0,25.9,,prolaktinom,female,47,mikro,0,1,0,0,0,0,1,0,0,,2020-11-25
268594,40432628,2018-02-06 08:35:00,MRI2,7675921,2018-02-07,963.5,1.6,14.3,5.15,0.2,23.2,,non-prolaktinom,female,77,makro,0,1,1,0,0,0,0,0,0,,2018-02-06
283111,41388467,2021-12-20 15:04:00,MRI3,8557144,2021-12-20,,,18.4,,,,,non-prolaktinom,female,41,mikro,0,0,0,0,0,0,0,1,0,,2021-05-17
283111,41059637,2021-06-01 14:29:00,MRI4,8416192,2021-05-19,,,15.1,,,,,non-prolaktinom,female,41,mikro,0,0,0,0,0,0,0,1,0,,2021-05-17
297971,40445695,2018-02-09 14:44:00,MRI1,7678403,2018-02-09,523.0,76.1,12.0,13.0,,7.9,,non-prolaktinom,female,65,mikro,0,0,0,0,0,0,0,1,0,,2018-02-09
298149,40496221,2018-05-31 19:07:00,MRI3,7720981,2018-06-06,629.5,3.9,12.8,22.3,7.0,11.3,31.7,non-prolaktinom,male,33,mikro,0,0,0,0,0,0,0,1,0,,2016-06-20
309799,40806500,2019-09-23 16:43:00,MRI3,7647344,2019-10-21,269.0,3.5,10.5,14.2,6.8,9.5,,non-prolaktinom,female,42,mikro,0,0,0,0,0,0,0,1,0,,2016-10-11
313269,41337344,2021-10-04 13:45:00,MRI3,8280974,2021-10-04,,,13.9,23.1,4.33,10.6,,prolaktinom,male,66,makro,0,1,1,0,0,0,0,0,0,,2015-07-01
313269,40542058,2018-08-20 16:33:00,MRI1,7622599,2018-09-06,,4.6,10.9,24.0,2.7,3.2,11.5,prolaktinom,male,66,makro,0,1,1,0,0,0,0,0,0,,2015-07-01
319108,40902328,2020-05-15 12:37:00,MRI4,8134016,2020-03-17,,0.3,10.9,,0.2,17.2,,prolaktinom,female,35,mikro,0,1,0,0,0,0,0,0,0,,2014-09-01
319108,40375916,2018-02-20 08:42:00,MRI3,7660002,2018-04-06,,5.2,,,2.5,18.6,,prolaktinom,female,35,mikro,0,1,0,0,0,0,0,0,0,,2014-09-01
354462,41152867,2021-02-21 14:35:00,MRI3,8354280,2021-02-21,560.0,,9.3,,,,,non-prolaktinom,female,79,makro,1,0,1,0,1,0,1,0,0,2021-02-25,2021-02-01
362517,41238439,2021-08-24 08:45:00,MRI3,8469713,2021-09-03,,,12.5,,,45.3,,prolaktinom,female,37,mikro,0,1,1,0,0,0,0,0,0,,2019-09-30
374012,40456544,2018-08-06 11:48:00,MRI3,7687669,2020-12-03,,,15.4,9.57,,7.8,,non-prolaktinom,female,71,makro,1,0,1,0,0,0,0,0,0,2023-08-01,2008-01-01
427032,40212619,2017-01-28 12:38:00,MRI3,7479563,2018-03-13,,43.3,11.5,17.1,,8.4,,non-prolaktinom,female,72,mikro,0,0,0,0,0,0,0,1,0,,2013-10-23
430196,40369221,2018-01-19 10:22:00,MRI2,7635945,2018-02-28,,1.9,,,1.2,0.6,5.59,prolaktinom,male,57,mikro,0,0,1,0,0,0,0,0,0,,2018-01-19
431894,40461507,2018-03-06 16:40:00,MRI2,7691759,2018-03-07,0.38,0.2,15.1,9.74,0.2,0.451,,prolaktinom,female,71,makro,0,0,1,0,0,0,0,0,0,2018-03-09,2018-03-06
432865,41210527,2021-10-27 15:15:00,MRI3,8513847,2021-09-16,688.0,5.59,14.6,20.9,5.77,11.7,10.4,non-prolaktinom,male,67,mikro,0,0,0,0,0,0,0,1,0,,2021-03-01
440910,40842613,2020-01-21 12:38:00,MRI3,8060666,2019-11-25,673.5,,11.2,9.28,,20.4,,non-prolaktinom,female,77,mikro,0,0,0,0,0,0,0,1,0,,2012-05-01
448017,40221074,2017-03-27 12:38:00,MRI3,7492988,2018-01-17,,,,,,15.1,,non-prolaktinom,female,32,mikro,0,1,0,0,0,0,0,0,0,,2014-11-01
448017,40886413,2020-03-21 10:12:00,MRI3,8117645,2020-02-10,435.5,4.5,10.3,25.4,4.7,11.5,,non-prolaktinom,female,32,mikro,0,1,0,0,0,0,0,0,0,,2014-11-01
477021,40608887,2019-03-11 11:50:00,MRI3,7848086,2018-12-06,493.191,4.6,11.7,21.4,2.0,21.7,7.94,non-prolaktinom,male,69,mikro,0,1,0,0,0,0,0,1,0,,2017-09-01
525910,41459062,2022-04-11 17:34:00,MRI4,8601893,2023-08-02,459.197,,16.1,27.6,,20.6,,non-prolaktinom,female,42,mikro,0,1,0,0,0,0,0,1,0,,2013-06-01
525910,40233742,2018-01-05 11:31:00,MRI3,7592548,2018-03-12,409.5,5.7,12.9,31.8,3.2,36.3,1.0,non-prolaktinom,female,42,mikro,0,1,0,0,0,0,0,1,0,,2013-06-01
530338,40991409,2020-09-17 14:47:00,MRI4,8226449,2020-09-21,,,7.82,,,,0.15,non-prolaktinom,male,70,makro,1,1,1,0,0,0,1,0,0,2023-03-29,2020-09-01
560863,40250552,2017-04-11 15:51:00,MRI3,7519227,2018-01-15,,,,,,12.0,,prolaktinom,female,23,mikro,0,0,1,0,0,0,0,0,0,,2017-03-01
560863,40469555,2018-12-13 11:27:00,MRI1,7786671,2019-01-15,571.5,6.8,12.4,22.2,6.9,5.9,,prolaktinom,female,23,mikro,0,0,1,0,0,0,0,0,0,,2017-03-01
569633,41478937,2022-02-17 14:50:00,MRI1,8363974,2023-07-10,,8.27,13.4,12.6,8.49,19.0,14.6,prolaktinom,male,50,mikro,0,0,1,0,0,0,0,0,0,,2021-01-01
579143,40560888,2018-09-10 17:02:00,MRI1,7644280,2019-03-07,,,9.17,,0.2,1.2,16.0,prolaktinom,male,48,makro,0,0,1,0,1,0,1,0,0,,1992-01-01
580813,40750384,2019-07-26 07:42:00,MRI4,7972129,2019-07-08,,,,,,0.298,,prolaktinom,female,31,makro,0,0,1,0,0,0,0,0,0,,2019-07-01
580813,40769280,2020-02-25 07:45:00,MRI2,8069390,2019-08-09,776.5,0.2,11.5,19.5,0.2,0.324,1.29,prolaktinom,female,31,makro,0,0,1,0,0,0,0,0,0,,2019-07-01
580813,41656645,2022-12-07 16:21:00,MRI3,8797386,2023-01-20,,,,,,10.9,,prolaktinom,female,31,makro,0,0,1,0,0,0,0,0,0,,2019-07-01
593992,40427391,2018-04-04 16:45:00,MRI1,7668829,2018-01-15,,5.9,10.3,,2.8,100.0,,prolaktinom,female,48,mikro,0,0,1,0,0,0,0,0,0,,2013-06-01
594357,40718192,2020-03-12 14:55:00,MRI1,8120016,2019-09-19,314.7075,6.5,11.0,16.5,2.6,137.0,,prolaktinom,female,39,mikro,0,0,0,0,0,0,0,1,0,2020-04-01,2005-01-01
594357,40496167,2018-07-17 11:59:00,MRI3,7755307,2018-06-06,318.6535,,10.8,19.2,,62.3,,prolaktinom,female,39,mikro,0,0,0,0,0,0,0,1,0,2020-04-01,2005-01-01
636550,41059752,2021-03-02 07:45:00,MRI3,8279932,2021-05-11,,,14.7,11.5,,4.6,14.9,prolaktinom,male,50,makro,0,0,1,0,1,0,0,0,0,,2011-11-01
641248,41223127,2021-10-11 12:28:00,MRI3,8500936,2021-09-09,70.2555,,13.8,15.6,,5.28,,non-prolaktinom,female,48,mikro,0,0,0,0,0,0,0,1,0,,2016-09-01
641498,41702006,2022-09-15 11:08:00,MRI3,8482346,2023-09-11,,,12.3,16.5,,38.9,,non-prolaktinom,female,38,mikro,0,1,0,0,0,0,0,1,0,,2011-12-01
641498,40818092,2019-12-13 08:28:00,MRI4,7847854,2019-12-04,,3.6,10.6,16.6,7.0,27.7,,non-prolaktinom,female,38,mikro,0,1,0,0,0,0,0,1,0,,2011-12-01
662362,40497479,2018-05-11 11:11:00,MRI3,7700506,2019-05-03,673.0,15.3,13.0,21.4,9.3,17.4,17.5,prolaktinom,male,40,makro,0,0,1,0,0,0,0,0,0,,2013-09-01
679062,40729311,2019-06-26 10:12:00,MRI3,7870241,2019-06-26,,4.6,,,2.4,28.9,18.9,prolaktinom,male,38,makro,0,1,1,0,0,0,0,0,0,,2013-01-07
682837,40771507,2019-09-02 17:33:00,MRI1,7991475,2019-08-16,700.0,2.3,10.1,36.9,1.4,2.0,6.9,prolaktinom,male,43,mikro,0,1,1,0,0,0,0,0,0,,2019-07-01
682837,41337379,2021-10-02 09:09:00,MRI3,8501042,2021-12-06,481.0,5.16,13.7,40.6,1.92,4.61,12.4,prolaktinom,male,43,mikro,0,1,1,0,0,0,0,0,0,,2019-07-01
684144,40469250,2018-03-17 14:02:00,MRI2,7698240,2018-03-17,31.0,,10.8,,,1000.0,,prolaktinom,male,43,giant,1,1,1,0,0,0,1,0,0,2018-03-18,2018-03-17
698545,41349935,2021-10-05 07:26:00,MRI4,8498398,2021-10-19,,,,15.3,,9.07,4.84,non-prolaktinom,male,79,makro,0,0,1,0,0,0,0,0,0,2021-10-22,2014-03-01
700119,40713525,2019-05-22 06:48:00,MRI4,7924834,2019-05-07,,,12.7,,,2.7,,prolaktinom,female,37,makro,0,1,0,0,0,0,0,0,0,,2013-09-02
703642,40818097,2020-07-13 14:36:00,MRI3,8084525,2019-12-20,676.0,4.9,13.2,32.9,3.2,6.3,16.3,non-prolaktinom,male,47,mikro,0,0,0,0,0,0,0,1,0,,2019-11-01
718384,40957696,2020-08-25 09:26:00,MRI3,8188737,2020-08-14,515.5,7.2,12.4,28.2,3.9,,,non-prolaktinom,female,38,makro,0,1,0,0,0,0,0,1,0,2020-11-02,2018-08-01
719512,41728055,2023-03-22 09:29:00,MRI3,8930512,2023-04-12,461.0,,,9.49,,3.35,,non-prolaktinom,male,62,mikro,0,0,1,0,0,0,0,0,0,,2023-03-01
760622,40286107,2017-06-30 06:45:00,MRI3,7547418,2018-02-07,,,13.3,,,22.8,,non-prolaktinom,female,31,mikro,0,0,1,0,0,0,0,0,0,,2015-03-16
763520,41376713,2022-02-26 08:30:00,MRI1,8601936,2021-12-23,542.0,,15.2,18.3,,19.1,,non-prolaktinom,female,57,mikro,0,0,0,0,0,0,0,1,0,,2016-09-01
788785,41048774,2020-10-14 09:50:00,MRI3,7849749,2020-10-14,653.0,,12.3,38.2,,19.1,,non-prolaktinom,female,21,normal,0,0,0,0,0,0,0,1,0,,2016-02-11
788785,40584363,2018-11-26 07:53:00,MRI2,7820908,2018-10-26,316.728,3.6,11.8,43.0,6.1,18.9,,non-prolaktinom,female,21,normal,0,0,0,0,0,0,0,1,0,,2016-02-11
300016936,41604456,2022-08-22 15:14:00,MRI3,8737092,2023-03-24,,5.24,,,4.0,16.7,,non-prolaktinom,female,28,mikro,0,1,0,0,0,0,0,1,0,,2022-05-01
300019022,41804086,2023-01-13 08:21:00,MRI3,8111659,2023-02-07,645.0,,,,,,,non-prolaktinom,female,27,mikro,0,0,0,0,0,0,0,1,0,,2016-06-01
300039327,40485243,2018-04-16 10:21:00,MRI3,7712613,2018-04-14,,44.2,12.2,,17.5,15.1,,non-prolaktinom,female,61,makro,0,0,0,0,0,0,0,1,0,,2018-04-12
300044383,40421368,2018-04-30 18:07:00,MRI1,7695702,2018-09-13,825.0,,11.7,31.2,,13.0,,prolaktinom,female,23,makro,0,0,1,0,0,0,0,0,0,,2016-12-01
300044898,40789594,2019-09-26 11:33:00,MRI1,7993515,2019-11-25,,2.0,11.6,20.9,6.3,17.9,,prolaktinom,female,32,mikro,0,1,0,0,0,0,0,0,0,,2019-08-01
300052288,40388593,2018-06-20 17:52:00,MRI1,7629030,2018-05-08,407.7565,,13.7,20.4,5.5,6.2,19.6,non-prolaktinom,male,27,mikro,0,0,0,0,0,0,0,1,0,,2017-09-01
300053872,40893127,2020-02-09 19:47:00,MRI4,8104317,2020-02-09,163.5,7.4,6.93,24.0,2.2,4.9,1.12,non-prolaktinom,male,62,makro,1,0,1,0,0,1,1,0,0,2020-02-12,2020-02-09
300076830,40547024,2019-02-06 14:40:00,MRI1,7788238,2018-08-10,366.6435,4.3,11.4,22.3,7.9,14.0,,prolaktinom,female,31,mikro,0,0,0,1,0,0,0,0,0,,2018-07-11
300076830,41029212,2021-07-12 17:11:00,MRI4,8438152,2021-05-31,,,12.2,28.4,,13.7,,prolaktinom,female,31,mikro,0,0,0,1,0,0,0,0,0,,2018-07-11
300101347,41147095,2021-03-08 14:50:00,MRI4,7896469,2021-05-05,397.5,,15.1,27.4,,36.8,,non-prolaktinom,female,40,mikro,0,0,0,0,0,0,0,1,0,,2018-06-26
300109121,40689394,2019-03-20 11:01:00,MRI3,7893637,2019-03-16,0.465,2.0,11.2,6.01,0.6,6.7,0.52,non-prolaktinom,male,73,giant,0,0,1,0,1,0,0,0,0,2019-03-25,2019-03-01
300111544,40935260,2020-05-25 08:36:00,MRI3,8147148,2020-05-25,,1.9,12.8,28.5,3.4,12.2,9.63,prolaktinom,male,18,mikro,0,1,1,0,0,0,0,0,0,,2018-06-06
300135859,40643797,2019-01-10 11:03:00,MRI4,7855142,2019-01-10,585.0,3.7,11.1,17.6,2.4,7.0,16.6,non-prolaktinom,male,71,makro,0,0,0,0,0,0,0,1,0,2022-09-01,2019-01-01
300164836,41827423,2023-03-15 11:49:00,MRI3,8698980,2023-03-30,,,13.5,,,,,non-prolaktinom,female,65,makro,0,1,1,0,1,0,1,0,0,,2022-01-01
300176279,40870039,2020-06-30 11:14:00,MRI3,8134434,2020-06-23,58.5,3.6,9.54,8.34,0.2,27.0,0.15,non-prolaktinom,male,80,makro,1,1,1,0,1,0,1,0,0,2020-09-02,2019-12-05
300266681,41230376,2021-05-26 15:56:00,MRI4,8421595,2021-05-28,35.0,29.7,14.9,6.33,2.1,5.7,14.0,non-prolaktinom,male,50,makro,1,0,1,0,1,0,1,0,0,2021-06-11,2021-05-25
